序号,链接,节点数
0,https://OgZUoq.absslk.xyz/41e8ef35bc566036b3cb5025fd3cd6d6,0
1,https://gitlab.com/colloq168/nodefiltrate/-/raw/main/filtrate?ref_type=heads,0
2,https://raw.githubusercontent.com/Alvin9999/pac2/master/clash.meta2/1/config.yaml,0
3,https://raw.githubusercontent.com/Alvin9999/pac2/master/clash.meta2/13/config.yaml,0
4,https://raw.githubusercontent.com/Alvin9999/pac2/master/clash.meta2/15/config.yaml,0
5,https://raw.githubusercontent.com/Alvin9999/pac2/master/clash.meta2/2/config.yaml,0
6,https://raw.githubusercontent.com/Alvin9999/pac2/master/clash.meta2/config.yaml,0
7,https://raw.githubusercontent.com/Huibq/TrojanLinks/master/links/vmess,0
8,https://raw.githubusercontent.com/Surfboardv2ray/TGParse/main/python/hy2,59
9,https://raw.githubusercontent.com/Surfboardv2ray/TGParse/main/python/hysteria2,57
10,https://raw.githubusercontent.com/qjlxg/hy2/main/splitted/hy2,0
11,https://raw.githubusercontent.com/ripaojiedian/freenode/main/clash,21
12,https://raw.githubusercontent.com/ripaojiedian/freenode/main/sub,23
13,https://raw.githubusercontent.com/zhangkaiitugithub/passcro/main/speednodes.yaml,278
14,https://zYQy1x.mcsslk.xyz/2522269ca7f00b04a4908dad33635fda,0
15,dynamic://peasoft,0

总计,,395
